scale,avg_runtime,avg_analysis,runtime_count,analysis_count
1x,0.06800606000000001,0.0001337976,5,5
1.5x,0.3152678,0.0001305954,5,5
2x,1.1196059999999999,0.0001330242,5,5
2.5x,2.597312,0.0001448724,5,5
3x,5.690122,0.00014629320000000002,5,5
3.5x,10.721680000000001,0.0001611588,5,5
4x,19.25844,0.0001487254,5,5
4.5x,31.962439999999997,0.0001524968,5,5
5x,50.404219999999995,0.000147812,5,5
